"long","lat","start.date","end.date","SubsetID","250m_16_days_NDVI_pixel1","250m_16_days_NDVI_pixel2","250m_16_days_NDVI_pixel3","250m_16_days_NDVI_pixel4","250m_16_days_NDVI_pixel5","250m_16_days_NDVI_pixel6","250m_16_days_NDVI_pixel7","250m_16_days_NDVI_pixel8","250m_16_days_NDVI_pixel9","250m_16_days_NDVI_pixel10","250m_16_days_NDVI_pixel11","250m_16_days_NDVI_pixel12","250m_16_days_NDVI_pixel13","250m_16_days_NDVI_pixel14","250m_16_days_NDVI_pixel15","250m_16_days_NDVI_pixel16","250m_16_days_NDVI_pixel17","250m_16_days_NDVI_pixel18","250m_16_days_NDVI_pixel19","250m_16_days_NDVI_pixel20","250m_16_days_NDVI_pixel21","250m_16_days_NDVI_pixel22","250m_16_days_NDVI_pixel23","250m_16_days_NDVI_pixel24","250m_16_days_NDVI_pixel25","250m_16_days_NDVI_pixel26","250m_16_days_NDVI_pixel27","250m_16_days_NDVI_pixel28","250m_16_days_NDVI_pixel29","250m_16_days_NDVI_pixel30","250m_16_days_NDVI_pixel31","250m_16_days_NDVI_pixel32","250m_16_days_NDVI_pixel33","250m_16_days_NDVI_pixel34","250m_16_days_NDVI_pixel35","250m_16_days_NDVI_pixel36","250m_16_days_NDVI_pixel37","250m_16_days_NDVI_pixel38","250m_16_days_NDVI_pixel39","250m_16_days_NDVI_pixel40","250m_16_days_NDVI_pixel41","250m_16_days_NDVI_pixel42","250m_16_days_NDVI_pixel43","250m_16_days_NDVI_pixel44","250m_16_days_NDVI_pixel45","250m_16_days_NDVI_pixel46","250m_16_days_NDVI_pixel47","250m_16_days_NDVI_pixel48","250m_16_days_NDVI_pixel49","250m_16_days_NDVI_pixel50","250m_16_days_NDVI_pixel51","250m_16_days_NDVI_pixel52","250m_16_days_NDVI_pixel53","250m_16_days_NDVI_pixel54","250m_16_days_NDVI_pixel55","250m_16_days_NDVI_pixel56","250m_16_days_NDVI_pixel57","250m_16_days_NDVI_pixel58","250m_16_days_NDVI_pixel59","250m_16_days_NDVI_pixel60","250m_16_days_NDVI_pixel61","250m_16_days_NDVI_pixel62","250m_16_days_NDVI_pixel63","250m_16_days_NDVI_pixel64","250m_16_days_NDVI_pixel65","250m_16_days_NDVI_pixel66","250m_16_days_NDVI_pixel67","250m_16_days_NDVI_pixel68","250m_16_days_NDVI_pixel69","250m_16_days_NDVI_pixel70","250m_16_days_NDVI_pixel71","250m_16_days_NDVI_pixel72","250m_16_days_NDVI_pixel73","250m_16_days_NDVI_pixel74","250m_16_days_NDVI_pixel75","250m_16_days_NDVI_pixel76","250m_16_days_NDVI_pixel77","250m_16_days_NDVI_pixel78","250m_16_days_NDVI_pixel79","250m_16_days_NDVI_pixel80","250m_16_days_NDVI_pixel81"
-83.75719444,12.62921389,2011,2013,"Lat12.62921Lon-83.75719Start2013-01-01End2013-12-31","0.8586","0.8508","0.8508","0.8161","0.8626","0.8381","0.873","0.8726","0.8362","0.8501","0.8501",NA,"0.8161","0.7925","0.8237","0.806","0.806","0.7825","0.8501","0.8501",NA,"0.7885","0.7522","0.74","0.7556","0.7307","0.8024","0.8246",NA,"0.8084","0.8014","0.747","0.7252","0.7252","0.7169","0.8024","0.8602",NA,"0.8381","0.8169","0.7792","0.6992","0.7379","0.7968","0.7887","0.8602","0.8478","0.8426","0.8278","0.792","0.6992","0.7379","0.7621","0.7802",NA,"0.8517","0.854","0.8535","0.8334","0.7556","0.7595","0.7709","0.7709","0.843","0.872","0.8562","0.8535","0.8334","0.7588","0.7579","0.7526","0.7987","0.8041","0.8776","0.8757","0.8061","0.7494","0.7682","0.7682","0.7902","0.7876"
-83.75719444,12.62921389,2011,2013,"Lat12.62921Lon-83.75719Start2013-01-01End2013-12-31","0.8586","0.8508","0.8508","0.8161","0.8626","0.8381","0.873","0.8726","0.8362","0.8501","0.8501",NA,"0.8161","0.7925","0.8237","0.806","0.806","0.7825","0.8501","0.8501",NA,"0.7885","0.7522","0.74","0.7556","0.7307","0.8024","0.8246",NA,"0.8084","0.8014","0.747","0.7252","0.7252","0.7169","0.8024","0.8602",NA,"0.8381","0.8169","0.7792","0.6992","0.7379","0.7968","0.7887","0.8602","0.8478","0.8426","0.8278","0.792","0.6992","0.7379","0.7621","0.7802",NA,"0.8517","0.854","0.8535","0.8334","0.7556","0.7595","0.7709","0.7709","0.843","0.872","0.8562","0.8535","0.8334","0.7588","0.7579","0.7526","0.7987","0.8041","0.8776","0.8757","0.8061","0.7494","0.7682","0.7682","0.7902","0.7876"
-83.75719444,12.62921389,2011,2013,"Lat12.62921Lon-83.75719Start2013-01-01End2013-12-31","0.8586","0.8508","0.8508","0.8161","0.8626","0.8381","0.873","0.8726","0.8362","0.8501","0.8501",NA,"0.8161","0.7925","0.8237","0.806","0.806","0.7825","0.8501","0.8501",NA,"0.7885","0.7522","0.74","0.7556","0.7307","0.8024","0.8246",NA,"0.8084","0.8014","0.747","0.7252","0.7252","0.7169","0.8024","0.8602",NA,"0.8381","0.8169","0.7792","0.6992","0.7379","0.7968","0.7887","0.8602","0.8478","0.8426","0.8278","0.792","0.6992","0.7379","0.7621","0.7802",NA,"0.8517","0.854","0.8535","0.8334","0.7556","0.7595","0.7709","0.7709","0.843","0.872","0.8562","0.8535","0.8334","0.7588","0.7579","0.7526","0.7987","0.8041","0.8776","0.8757","0.8061","0.7494","0.7682","0.7682","0.7902","0.7876"
-83.75719444,12.62921389,2011,2013,"Lat12.62921Lon-83.75719Start2013-01-01End2013-12-31","0.8586","0.8508","0.8508","0.8161","0.8626","0.8381","0.873","0.8726","0.8362","0.8501","0.8501",NA,"0.8161","0.7925","0.8237","0.806","0.806","0.7825","0.8501","0.8501",NA,"0.7885","0.7522","0.74","0.7556","0.7307","0.8024","0.8246",NA,"0.8084","0.8014","0.747","0.7252","0.7252","0.7169","0.8024","0.8602",NA,"0.8381","0.8169","0.7792","0.6992","0.7379","0.7968","0.7887","0.8602","0.8478","0.8426","0.8278","0.792","0.6992","0.7379","0.7621","0.7802",NA,"0.8517","0.854","0.8535","0.8334","0.7556","0.7595","0.7709","0.7709","0.843","0.872","0.8562","0.8535","0.8334","0.7588","0.7579","0.7526","0.7987","0.8041","0.8776","0.8757","0.8061","0.7494","0.7682","0.7682","0.7902","0.7876"
-72.89309444,11.557775,2011,2013,"Lat11.55777Lon-72.89309Start2013-01-01End2013-12-31",NA,NA,NA,NA,NA,NA,NA,NA,NA,NA,NA,NA,NA,NA,NA,NA,NA,"-0.0304",NA,NA,NA,NA,NA,"-0.08745","0.04268","0.15102","0.19695",NA,NA,"-0.1109","0.174","0.09485","0.16025","0.31768","0.37272","0.31555","-0.1604","0.1607","0.137366666666667","0.359","0.45585","0.4801","0.45782","0.3785","0.3525","0.259675","0.291666666666667","0.312833333333333","0.37715","0.5267","0.453","0.34526","0.33976","0.36026","0.3971","0.415133333333333","0.331766666666667","0.3717","0.532033333333333","0.4302","0.39674","0.37722","0.43104","0.525833333333333","0.533133333333333","0.4824","0.5015","0.47785","0.47348","0.46286","0.46185","0.48385","0.64825","0.60205","0.52415","0.5121","0.474925","0.5102","0.52466","0.501016666666667","0.48815"
-72.89135,11.55876389,2011,2013,"Lat11.55876Lon-72.89135Start2013-01-01End2013-12-31",NA,NA,NA,NA,NA,NA,NA,NA,NA,NA,NA,NA,NA,NA,NA,NA,NA,NA,NA,NA,NA,NA,NA,NA,NA,"-0.0304","0.191133333333333",NA,NA,NA,NA,"-0.08745","0.04268","0.15102","0.19695","0.243583333333333",NA,"-0.1109","0.174","0.09485","0.16025","0.31768","0.37272","0.31555","0.310216666666667","0.1607","0.137366666666667","0.359","0.45585","0.4801","0.45782","0.3785","0.3525","0.35864","0.291666666666667","0.312833333333333","0.37715","0.5267","0.453","0.34526","0.33976","0.36026","0.40118","0.415133333333333","0.331766666666667","0.3717","0.532033333333333","0.4302","0.39674","0.37722","0.43104","0.44934","0.533133333333333","0.4824","0.5015","0.47785","0.47348","0.46286","0.46185","0.48385","0.501233333333333"
-74.49376667,10.96151389,2011,2013,"Lat10.96151Lon-74.49377Start2013-01-01End2013-12-31","0.588007142857143","0.495146153846154","0.476707692307692","0.611983333333333","0.749816666666667","0.787627272727273","0.78814","0.61381","0.38111","0.7496","0.719","0.718246153846154","0.801925","0.809354545454546","0.77335","0.70509","0.64722","0.664666666666667","0.8166","0.811975","0.814309090909091","0.824454545454545","0.8184","0.76249","0.480977777777778","0.365966666666667","0.205455555555556","0.800016666666667","0.810058333333333","0.814058333333333","0.8284","0.81627","0.6011","0.0836428571428571","-0.059775","-0.03865","0.75785","0.790141666666667","0.819076923076923","0.81283","0.75969","0.396175","0.012","-0.0344","-0.1239","0.787075","0.80285","0.808245454545455","0.77074","0.585385714285714","0.09482","-0.0511","-0.086","-0.13075","0.804791666666667","0.797766666666667","0.688863636363636","0.66969","0.338085714285714","0.00373333333333333","-0.00365","-0.0749","-0.14005","0.802175","0.704241666666667","0.372058333333333","0.0342428571428571","-0.065775","-0.0598","-0.088","-0.1353","-0.07905","0.803791666666667","0.679708333333333","0.35615","-0.0695","-0.0943","-0.0702","-0.1209","-0.0945","-0.1034"
-74.60746111,10.80893889,2011,2013,"Lat10.80894Lon-74.60746Start2013-01-01End2013-12-31","0.600514285714286","0.630614285714286","0.615175","0.6572375","0.66613","0.683781818181818","0.547108333333333","0.248725","0.02799","0.603385714285714","0.640342857142857","0.6789","0.6609","0.65617","0.69504","0.695518181818182","0.616709090909091","0.332609090909091","0.5172","0.5682","0.6542375","0.682818181818182","0.7308","0.720290909090909","0.616845454545455","0.586809090909091","0.20914","0.524614285714286","0.514242857142857","0.615977777777778","0.64814","0.71584","0.709054545454545","0.549518181818182","0.270554545454545","-0.0754625","0.5484125","0.6229875","0.664333333333333","0.705577777777778","0.686655555555556","0.534644444444444","0.2607","-0.0864166666666667","-0.143433333333333","0.604575","0.6955","0.6987","0.711633333333333","0.551633333333333","0.212375","-0.0779333333333333","-0.1212","-0.1282","0.625028571428571","0.728744444444445","0.728155555555556","0.501211111111111","0.247944444444444","-0.112133333333333","-0.1398","-0.14955","-0.1566","0.710175","0.729533333333333","0.702266666666667","0.273455555555556","-0.06524","-0.1076","-0.0838","-0.1378","-0.1393","0.709388888888889","0.725566666666667","0.684077777777778","0.319155555555556","-0.115825","-0.118","-0.10425","-0.11065","-0.146225"
-74.48135833,10.86188889,2011,2013,"Lat10.86189Lon-74.48136Start2013-01-01End2013-12-31","0.67013","0.77148","0.81728","0.775511111111111","0.449471428571429","0.13112","-0.11995","-0.1051","-0.10085","0.69137","0.73156","0.75617","0.77885","0.7240375","0.213857142857143","-0.0711666666666667","-0.0945","-0.08835","0.585836363636364","0.527018181818182","0.617418181818182","0.692118181818182","0.652322222222222","0.2640125","-0.0807","-0.09255","-0.09295","0.474381818181818","0.486290909090909","0.615909090909091","0.730688888888889","0.762711111111111","0.315271428571429","-0.004625","-0.08675","-0.1581","0.619472727272727","0.623790909090909","0.546363636363636","0.71778","0.733188888888889","0.348414285714286","0.0347666666666667","-0.0763","-0.1704","0.684045454545455","0.549836363636364","0.370209090909091","0.68371","0.6375875","0.245666666666667","-0.02115",NA,NA,"0.702275","0.581941666666667","0.615990909090909","0.710545454545455","0.614677777777778","0.128966666666667","-0.0305",NA,NA,"0.69205","0.6842","0.75405","0.745972727272727","0.47186","0.0820714285714286","-0.0235","-0.0232","-0.0374","0.691533333333333","0.717025","0.744841666666667","0.642381818181818","0.23861","-0.03946","-0.0556","-0.0545","-0.0596"
-74.93802778,10.90711111,2011,2013,"Lat10.90711Lon-74.93803Start2013-01-01End2013-12-31","0.5926","0.56785","0.58865","0.566722222222222","0.5746875","0.555","0.51455","0.5316125","0.5688875","0.59448","0.58406","0.566922222222222","0.575822222222222","0.5613375","0.5685125","0.568675","0.58125","0.5885","0.60473","0.57959","0.565033333333333","0.5809625","0.5792875","0.5603625","0.5714875","0.5849875","0.6117375","0.63418","0.601955555555556","0.595255555555556","0.5607","0.59365","0.579475","0.5803125","0.5968875","0.6169625","0.590122222222222","0.5593125","0.577","0.5891375","0.5918125","0.6018875","0.592025","0.5650125","0.615975","0.58404","0.563511111111111","0.580577777777778","0.5688125","0.5945625","0.6044","0.5669875","0.5627375","0.6177375","0.573166666666667","0.554888888888889","0.550144444444444","0.5924875","0.5907625","0.603625","0.585725","0.5878125","0.618266666666667","0.581655555555556","0.569577777777778","0.564611111111111","0.5987625","0.6361375","0.61925","0.6371125","0.641077777777778","0.632611111111111","0.5789","0.580988888888889","0.6134625","0.6116125","0.663425","0.632925","0.6260625","0.623444444444444","0.591088888888889"
-74.12838611,11.31778333,2011,2013,"Lat11.31778Lon-74.12839Start2013-01-01End2013-12-31","0.2466","0.27287","0.25744","0.27191","0.32886","0.51278","0.69264","0.765425","0.767145","0.601155","0.57519","0.484085","0.324365","0.40972","0.64099","0.721935","0.77407","0.768265","0.603345","0.574465","0.413255","0.243035","0.31043","0.576465","0.728525","0.769555","0.7726","0.50156","0.261735","0.17844","0.20857","0.38234","0.559875","0.72881","0.784315","0.777645","0.562875","0.32995","0.265175","0.448145","0.556525","0.692875","0.76091","0.77192","0.779565","0.680125","0.641865","0.65066","0.690485","0.750735","0.76701","0.78664","0.79473","0.788485","0.753615","0.75994","0.769405","0.78527","0.806765","0.787195","0.78673","0.791855","0.78263","0.762045","0.770425","0.76972","0.79157","0.79392","0.794045","0.80204","0.79457","0.7967","0.76239","0.767645","0.77135","0.78345","0.79903","0.794435","0.79219","0.787805","0.78907"
-75.24675,10.69519444,2011,2013,"Lat10.69519Lon-75.24675Start2013-01-01End2013-12-31","0.67191","0.66132","0.63964","0.65328","0.68307","0.70839","0.71166","0.73371","0.732945454545455","0.70844","0.65945","0.6559","0.668763636363636","0.670409090909091","0.643163636363636","0.65079","0.66973","0.670890909090909","0.724088888888889","0.64115","0.60935","0.653516666666667","0.658090909090909","0.598145454545455","0.614627272727273","0.59355","0.632766666666667","0.746988888888889","0.70075","0.707836363636364","0.739633333333333","0.715866666666667","0.637983333333333","0.57325","0.572815384615385","0.602492307692308","0.762866666666667","0.778288888888889","0.798136363636364","0.800991666666667","0.753033333333333","0.696766666666667","0.613091666666667","0.599261538461539","0.619530769230769","0.740528571428571","0.788588888888889","0.80585","0.811425","0.765625","0.686466666666667","0.643458333333333","0.621566666666667","0.6282","0.6036","0.692622222222222","0.728236363636364","0.76206","0.72958","0.69651","0.64376","0.647890909090909","0.651266666666667","0.4621625","0.53344","0.59129","0.63592","0.678872727272727","0.640772727272727","0.619181818181818","0.638308333333333","0.652184615384615","0.495955555555556","0.49973","0.54691","0.60756","0.65123","0.64448","0.62111","0.635663636363636","0.651563636363636"
-75.21383333,10.799,2011,2013,"Lat10.79900Lon-75.21383Start2013-01-01End2013-12-31",NA,NA,NA,"-0.1891","0.28392","0.443883333333333","0.519483333333333","0.4915375","0.459333333333333",NA,NA,NA,"-0.05015","0.34972","0.520933333333333","0.517928571428571","0.48116","0.533090909090909","0.184","0.0031","-0.0544","0.149925","0.27882","0.432242857142857","0.5955375","0.5931","0.599677777777778","0.05555","-0.0945","-0.03945","0.226257142857143","0.286985714285714","0.4669","0.6143","0.648633333333333","0.652022222222222","-0.0962","0.0269714285714286","0.167025","0.279285714285714","0.423285714285714","0.596725","0.577955555555556","0.620733333333333","0.610511111111111","0.117533333333333","0.242455555555556","0.26845","0.357955555555556","0.52995","0.625833333333333","0.540611111111111","0.5488","0.58434","0.1787625","0.2452875","0.368988888888889","0.4721","0.555681818181818","0.556181818181818","0.547218181818182","0.563354545454545","0.565590909090909","0.276166666666667","0.450444444444444","0.602144444444444","0.635209090909091","0.628018181818182","0.59351","0.566463636363636","0.603263636363636","0.610081818181818","0.465111111111111","0.596866666666667","0.611177777777778","0.650845454545455","0.606163636363636","0.585366666666667","0.606925","0.65705","0.680566666666667"
-75.20377778,10.81727778,2011,2013,"Lat10.81728Lon-75.20378Start2013-01-01End2013-12-31",NA,NA,NA,"-0.11455","-0.11165","-0.1217","-0.0659","-0.0756","-0.0523",NA,NA,"-0.1808","-0.1941","-0.1848","-0.13165","-0.12455","-0.0432","-0.0523",NA,NA,"-0.1825","-0.1951","-0.1205","-0.1156","-0.12525","-0.11385","-0.0241","-0.1793","-0.1074","-0.16295","-0.166266666666667","-0.148383333333333","-0.12522","-0.09185","-0.077","-0.1392","-0.1579","0.109033333333333","0.10452","0.318416666666667","0.301516666666667","0.2778375","0.1471875","0.179616666666667","0.298033333333333","0.050825","0.311766666666667","0.4507","0.44305","0.474042857142857","0.573642857142857","0.5338","0.479566666666667","0.5338","0.41076","0.535375","0.460888888888889","0.4267375","0.563625","0.638277777777778","0.539477777777778","0.578288888888889","0.61981","0.5191","0.504411111111111","0.387233333333333","0.4433","0.53065","0.56634","0.64708","0.66157","0.634409090909091","0.5819375","0.481188888888889","0.427622222222222","0.488922222222222","0.52939","0.57978","0.66634","0.67544","0.659915384615385"
-75.02641667,10.94752778,2011,2013,"Lat10.94753Lon-75.02642Start2013-01-01End2013-12-31",NA,"0.1696","0.3091","0.340116666666667","0.38335","0.47745","0.57385","0.641708333333333","0.694858333333333","0.04955",NA,"0.1864","0.3129","0.432133333333333","0.515228571428571","0.6599125","0.665563636363636","0.7076","0.264733333333333","0.25575","0.21156","0.1798875","0.3702","0.54445","0.668536363636364","0.680161538461538","0.714526666666667","0.204675","0.11348","0.049875","0.137411111111111","0.385011111111111","0.589233333333333","0.662507692307692","0.650071428571429","0.7127875","0.0415666666666667","0.0269625","0.0287444444444444","0.130127272727273","0.344945454545455","0.605876923076923","0.66710625","0.6665125","0.729435294117647","-0.0836","-0.02675","-0.0329636363636364","0.188781818181818","0.395836363636364","0.654885714285714","0.675435294117647","0.709084210526316","0.720526315789474","-0.0500571428571429","-0.0144777777777778","0.0252363636363636","0.335627272727273","0.599827272727273","0.69038125","0.689970588235294","0.714178947368421","0.721736842105263","0.0086625","0.08576","0.156190909090909","0.495463636363636","0.674838461538462","0.701975","0.691838888888889","0.697026315789474","0.700205","-0.01445","-0.02149","0.21972","0.44386","0.658935714285714","0.65133125","0.638957894736842","0.603636842105263","0.550165"
-74.97841667,10.97861111,2011,2013,"Lat10.97861Lon-74.97842Start2013-01-01End2013-12-31","-0.0831","-0.0798","-0.112875","-0.14325","-0.12786","-0.14394","-0.0995","-0.12988","-0.112566666666667","-0.04955","-0.13926","-0.11025","-0.0797166666666667","-0.0741285714285714","-0.068","-0.0901222222222222","-0.0773222222222222","-0.049175","-0.0268","0.06315","0.119288888888889","0.1669625","0.0757125","-0.0518","-0.033525","0.0213714285714286","0.3503125","0.288722222222222","0.3656875","0.387242857142857","0.305875","0.157275","0.0651571428571429","0.3104375","0.479114285714286","0.6671375","0.32907","0.3984","0.517125","0.573575","0.4573","0.485144444444444","0.6996875","0.7277875","0.70735","0.32314","0.55281","0.6945375","0.717075","0.7101125","0.696355555555556","0.670188888888889","0.7085875","0.7085","0.518822222222222","0.675544444444445","0.706144444444444","0.71715","0.74457","0.69735","0.57012","0.6715625","0.70299","0.6575","0.6641","0.709581818181818","0.73","0.77169","0.75505","0.624055555555556","0.676677777777778","0.676427272727273","0.6512","0.66768","0.705981818181818","0.734745454545455","0.723063636363636","0.731627272727273","0.67277","0.69837","0.69632"
-74.90783333,11.04088889,2011,2013,"Lat11.04089Lon-74.90783Start2013-01-01End2013-12-31",NA,NA,NA,NA,"-0.1069","-0.1069","-0.1162","-0.1146","-0.1162","-0.0375","-0.0678","-0.1307","-0.1947","-0.1498","-0.15345","-0.15695","-0.15375","-0.1486","0.2618","0.3158","0.23578","0.0824","-0.0681666666666667","-0.09168","-0.0507333333333333","-0.117033333333333","-0.06556","0.4275","0.4266","0.423925","0.24774","0.07996","0.14484","0.277655555555556","0.38465","0.3571","0.479366666666667","0.474075","0.446588888888889","0.38268","0.41583","0.54689","0.574122222222222","0.588222222222222","0.5874625","0.492875","0.4843625","0.548","0.588581818181818","0.610881818181818","0.60234","0.56792","0.557488888888889","0.545744444444444","0.537225","0.586833333333333","0.61858","0.6289","0.668345454545455","0.6562","0.63501","0.609133333333333","0.603577777777778","0.582742857142857","0.6289625","0.6422375","0.657888888888889","0.64435","0.668072727272727","0.686972727272727","0.70002","0.66585","0.658425","0.679766666666667","0.652622222222222","0.68789","0.648408333333333","0.626758333333333","0.697025","0.707733333333333","0.692818181818182"
-74.87508333,11.04722222,2011,2013,"Lat11.04722Lon-74.87508Start2013-01-01End2013-12-31",NA,NA,NA,NA,NA,NA,NA,NA,NA,"-0.111","-0.1273","-0.1244","-0.1284","-0.1063","-0.0772","-0.0942","-0.1141",NA,"-0.124","-0.12475","-0.12775","-0.11715","-0.11805","-0.10755","-0.13185","-0.12695","-0.13135","-0.128233333333333","-0.124333333333333","-0.120133333333333","-0.125866666666667","-0.134525","-0.136633333333333","-0.106233333333333","-0.0782333333333333","-0.118283333333333","-0.122557142857143","-0.119957142857143","-0.11655","-0.0762125","0.06086","0.22691","0.30103","0.2517","0.102411111111111","0.22094","0.325977777777778","0.540111111111111","0.66977","0.52186","0.63258","0.646381818181818","0.520836363636364","0.1865","0.64405","0.64362","0.6855","0.715363636363636","0.663572727272727","0.6482","0.677","0.612169230769231","0.438184615384615","0.7504375","0.683611111111111","0.685066666666667","0.64461","0.569666666666667","0.62521","0.665041666666667","0.663663636363636","0.488845454545455","0.6608875","0.6375","0.6476875","0.5853625","0.5538125","0.59118","0.58734","0.582581818181818","0.496936363636364"
-74.87013889,11.0455,2011,2013,"Lat11.04550Lon-74.87014Start2013-01-01End2013-12-31","-0.1284","-0.1063","-0.0772","-0.0942","-0.1141",NA,NA,"-0.1525","-0.1612","-0.11715","-0.11805","-0.10755","-0.13185","-0.12695","-0.13135","-0.12445","-0.1081","-0.126533333333333","-0.125866666666667","-0.134525","-0.136633333333333","-0.106233333333333","-0.0782333333333333","-0.118283333333333","-0.02115","-0.0177875","0.066475","-0.0762125","0.06086","0.22691","0.30103","0.2517","0.102411111111111","0.0555","0.0321777777777778","-0.0177375","0.66977","0.52186","0.63258","0.646381818181818","0.520836363636364","0.1865","-0.03807","-0.108825","-0.11188","0.715363636363636","0.663572727272727","0.6482","0.677","0.612169230769231","0.438184615384615","0.0369636363636364","-0.0959714285714286","-0.120675","0.64461","0.569666666666667","0.62521","0.665041666666667","0.663663636363636","0.488845454545455","0.134458333333333","-0.0942428571428571","-0.1138","0.5853625","0.5538125","0.59118","0.58734","0.582581818181818","0.496936363636364","0.214781818181818","-0.0026","-0.0726","0.6481625","0.591766666666667","0.531955555555556","0.458777777777778","0.453244444444444","0.465622222222222","0.367355555555556","0.323","0.208157142857143"
-74.84863889,11.03886111,2011,2013,"Lat11.03886Lon-74.84864Start2013-01-01End2013-12-31","-0.02542","-0.107133333333333","-0.102","-0.148466666666667","-0.152666666666667","-0.1468","-0.1614","-0.145266666666667","-0.11715","-0.119475","-0.12645","-0.109333333333333","-0.1544","-0.1424","-0.164733333333333","-0.1377","-0.161775","-0.08945","-0.129525","-0.128175","-0.146","-0.1552","-0.167125","-0.14965","-0.150775","-0.1543","-0.11905","-0.1277","-0.1213","-0.113333333333333","-0.1004","-0.11005","0.101583333333333","-0.0337","-0.0682666666666667","-0.11905","-0.087275","-0.09995","-0.113133333333333","0.0991714285714286","0.299142857142857","0.3588","0.0584","-0.0690333333333333","-0.0865","0.105166666666667","-0.097875","0.0124666666666667","0.20925","0.534275","0.427425","-0.00961666666666667","-0.097725","0.171585714285714","0.513128571428571","0.448516666666667","0.4607","0.60435","0.491025","0.25495","0.0804666666666667","0.222857142857143","0.571571428571429","0.713833333333333","0.7434","0.758025","0.7359375","0.639725","0.56615","0.611442857142857","0.633585714285714","0.630428571428571","0.653566666666667","0.740114285714286","0.74505","0.7414875","0.741475","0.751225","0.684185714285714","0.643328571428571","0.566271428571429"
-74.84227778,11.05958333,2011,2013,"Lat11.05958Lon-74.84228Start2013-01-01End2013-12-31","-0.195","-0.1916","-0.121933333333333","-0.070675","-0.047425","-0.04405","0.153711111111111","0.51799","0.58313","-0.1775","-0.1775","-0.165","-0.119166666666667","-0.0453","-0.04315","0.138028571428571","0.5093","0.623127272727273","-0.1743","-0.1819","-0.16865","-0.0906","0.00103333333333333","-0.0612857142857143","0.0711444444444444","0.350218181818182","0.594663636363636","-0.1689","-0.1819","-0.110266666666667","0.0192833333333333","0.3426875","0.186642857142857","-0.0232375","0.227354545454545","0.517009090909091","-0.1689","-0.133775","0.207928571428571","0.320928571428571","0.396085714285714","0.360342857142857","0.042175","0.07953","0.453616666666667","-0.021375","0.1861125","0.3108375","0.220775","0.3733125","0.413477777777778","0.108344444444444","0.005325","0.284716666666667","0.1356375","0.1081125","0.110314285714286","0.0550333333333333","0.3623","0.6033375","0.3849625","0.0384666666666667","0.0767","0.1194625","0.0223714285714286","-0.136833333333333","-0.131775","0.0968714285714286","0.3657625","0.515175","0.30891","0.01841","-0.093375","-0.140733333333333","-0.158033333333333","-0.1486","-0.1166","0.1587375","0.442025","0.45966","0.15671"
-75.66525,10.15938889,2011,2013,"Lat10.15939Lon-75.66525Start2013-01-01End2013-12-31",NA,NA,NA,"0.1392","0.4562","0.5149","0.5149","0.46715","0.5381",NA,NA,"0.0412","0.2255","0.212","0.1121","0.0972","0.3147","0.4303",NA,NA,"0.2903","0.1021","0.1015","0.0069","0.0318","-0.00295","0.298433333333333","-0.0376","0.1076","0.0273","-0.07665","0.0088","0.09755","0.1763","0.52605","0.7255","0.5648","0.42965","0.57615","0.383466666666667","0.737766666666667","0.6194","0.723166666666667","0.7923","0.731033333333333","0.638433333333333","0.64575","0.669275","0.690125","0.76115","0.83255","0.829675","0.78176","0.68876","0.669225","0.59145","0.649525","0.73902","0.85334","0.81235","0.756316666666667","0.657733333333333","0.60566","0.70796","0.65095","0.72266","0.75686","0.76032","0.725285714285714","0.744142857142857","0.706516666666667","0.540683333333333","0.722471428571429","0.702857142857143","0.68655","0.722475","0.700942857142857","0.745442857142857","0.691057142857143","0.67925","0.32932"
-75.83779,9.35663,2011,2013,"Lat9.35663Lon-75.83779Start2013-01-01End2013-12-31","0.82562","0.7911","0.79305","0.82695","0.8615","0.860285714285714","0.853271428571429","0.845671428571429","0.820166666666667","0.782725","0.710975","0.695875","0.8119","0.84638","0.84926","0.84765","0.8294","0.8278","0.813666666666667","0.7897","0.846466666666667","0.873766666666667","0.85835","0.86545","0.85124","0.837666666666667","0.835933333333333","0.851766666666667","0.848933333333333","0.860566666666667","0.876266666666667","0.859525","0.8676","0.8504","0.840366666666667","0.826983333333333","0.827333333333333","0.857266666666667","0.867933333333333","0.835775","0.84855","0.851575","0.84385","0.835983333333333","0.833383333333333","0.81325","0.858675","0.8557","0.841025","0.849725","0.8328","0.823283333333333","0.835566666666667","0.83335","0.85432","0.85106","0.83356","0.837625","0.840575","0.79896","0.76374","0.79748","0.7628","0.82418","0.82114","0.81024","0.82726","0.82256","0.80376","0.76056","0.75906","0.74115","0.82092","0.8178","0.8263","0.83164","0.8284","0.792866666666667","0.7605","0.75304","0.75365"
-75.82837,9.36055,2011,2013,"Lat9.36055Lon-75.82837Start2013-01-01End2013-12-31","0.861942857142857","0.874571428571429","0.86255","0.838228571428571","0.683642857142857","0.605933333333333","0.79284","0.86222","0.861816666666667","0.869828571428572","0.857785714285714","0.853214285714286","0.8178","0.80765","0.819966666666667","0.8463","0.8517","0.853157142857143","0.860285714285714","0.853271428571429","0.845671428571429","0.820166666666667","0.8475","0.864116666666667","0.862716666666667","0.840571428571429","0.8299","0.84926","0.84765","0.8294","0.8278","0.85578","0.84276","0.844","0.8129375","0.78625","0.86545","0.85124","0.837666666666667","0.835933333333333","0.839416666666667","0.825185714285714","0.788685714285714","0.744242857142857","0.702171428571429","0.8676","0.8504","0.840366666666667","0.826983333333333","0.81465","0.794128571428571","0.767514285714286","0.696157142857143","0.652285714285714","0.851575","0.84385","0.835983333333333","0.833383333333333","0.825685714285714","0.760742857142857","0.703257142857143","0.625242857142857","0.639857142857143","0.8328","0.823283333333333","0.835566666666667","0.83335","0.820457142857143","0.760657142857143","0.706871428571429","0.659371428571429","0.710885714285714","0.79896","0.76374","0.79748","0.7628","0.780771428571429","0.7615","0.742771428571429","0.746742857142857","0.7716"
-75.84226,9.35249,2011,2013,"Lat9.35249Lon-75.84226Start2013-01-01End2013-12-31","0.82886","0.84464","0.82425","0.813666666666667","0.7897","0.846466666666667","0.873766666666667","0.85835","0.86545","0.867","0.85646","0.8707","0.851766666666667","0.848933333333333","0.860566666666667","0.876266666666667","0.859525","0.8676","0.873866666666667","0.857825","0.846533333333333","0.827333333333333","0.857266666666667","0.867933333333333","0.835775","0.84855","0.851575","0.8488","0.856333333333333","0.833","0.81325","0.858675","0.8557","0.841025","0.849725","0.8328","0.745666666666667","0.773825","0.847225","0.85432","0.85106","0.83356","0.837625","0.840575","0.79896","0.676066666666667","0.733475","0.85775","0.82418","0.82114","0.81024","0.82726","0.82256","0.80376","0.795325","0.83105","0.861575","0.82092","0.8178","0.8263","0.83164","0.8284","0.792866666666667","0.867475","0.868425","0.853","0.83844","0.83216","0.83778","0.83344","0.82196","0.774666666666667","0.7612","0.86265","0.8518","0.84074","0.83844","0.82382","0.81496","0.797783333333333","0.764433333333333"
-75.85052,9.37119,2011,2013,"Lat9.37119Lon-75.85052Start2013-01-01End2013-12-31","0.86376","0.863016666666667","0.87115","0.871666666666667","0.862183333333333","0.781083333333333","0.73896","0.803116666666667","0.86838","0.8744","0.873083333333333","0.881716666666667","0.878416666666667","0.816","0.749716666666667","0.802383333333333","0.86604","0.8632","0.879566666666667","0.8799","0.88775","0.8832","0.8717","0.8314","0.846842857142857","0.86365","0.862966666666667","0.8632","0.86245","0.858483333333333","0.872216666666667","0.8681","0.875466666666667","0.864328571428571","0.863716666666667","0.865016666666667","0.8405","0.799357142857143","0.828333333333333","0.850466666666667","0.86364","0.868833333333333","0.846914285714286","0.841485714285714","0.845057142857143","0.792257142857143","0.795642857142857","0.818066666666667","0.809383333333333","0.853883333333333","0.871383333333333","0.859742857142857","0.859742857142857","0.801971428571429","0.8329625","0.862033333333333","0.860733333333333","0.860066666666667","0.864783333333333","0.863066666666667","0.861314285714286","0.856185714285714","0.855471428571429","0.846642857142857","0.86235","0.85145","0.84158","0.8464","0.82562","0.7911","0.79305","0.82695","0.85032","0.85014","0.7564","0.75092","0.77246","0.782725","0.710975","0.695875","0.8119"
-75.79115,9.38743,2011,2013,"Lat9.38743Lon-75.79115Start2013-01-01End2013-12-31","0.79825","0.79756","0.772025","0.65705","0.373933333333333","0.301466666666667","0.101733333333333","0.134533333333333","0.304433333333333","0.81868","0.805383333333333","0.795014285714286","0.684683333333333","0.67664","0.6158","0.450975","0.618075","0.68445","0.853766666666667","0.84935","0.753733333333333","0.649666666666667","0.589116666666667","0.64398","0.60186","0.76356","0.740266666666667","0.86315","0.85005","0.682616666666667","0.66655","0.757316666666667","0.7594","0.7473","0.7644","0.707571428571429","0.8552","0.820616666666667","0.724866666666667","0.534557142857143","0.7552","0.7664","0.768383333333333","0.766766666666667","0.714171428571429","0.793616666666667","0.6342","0.458242857142857","0.4351","0.58954","0.626483333333333","0.70315","0.714771428571429","0.700771428571429","0.55695","0.710233333333333","0.5576","0.503885714285714","0.58215","0.65314","0.6743","0.652816666666667","0.63106","0.751533333333333","0.785971428571429","0.6594375","0.594433333333333","0.6353","0.643666666666667","0.652233333333333","0.6789","0.63472","0.834771428571429","0.7236","0.6412625","0.622583333333333","0.6293","0.64375","0.654266666666667","0.62682","0.66906"
-75.85628,9.38203,2011,2013,"Lat9.38203Lon-75.85628Start2013-01-01End2013-12-31","0.6486","0.666766666666667","0.5357","0.6759","0.764066666666667","0.8861","0.89125","0.88865","0.88865","0.8012","0.646033333333333","0.6658","0.721166666666667","0.848666666666667","0.8761","0.89565","0.88515","0.85665","0.8093","0.771433333333333","0.698133333333333","0.725133333333333","0.853233333333333","0.895133333333333","0.8975","0.88885","0.8692","0.886175","0.810425","0.6328","0.78896","0.87742","0.89768","0.837375","0.840775","0.86066","0.87772","0.85676","0.853033333333333","0.869383333333333","0.88322","0.88032","0.82804","0.751375","0.85946","0.87834","0.86376","0.863016666666667","0.87115","0.871666666666667","0.862183333333333","0.781083333333333","0.73896","0.803116666666667","0.87446","0.8744","0.873083333333333","0.881716666666667","0.878416666666667","0.816","0.749716666666667","0.802383333333333","0.86604","0.879","0.879566666666667","0.8799","0.88775","0.8832","0.8717","0.8314","0.846842857142857","0.86365","0.8771","0.8632","0.86245","0.858483333333333","0.872216666666667","0.8681","0.875466666666667","0.864328571428571","0.863716666666667"
-75.85883,9.38107,2011,2013,"Lat9.38107Lon-75.85883Start2013-01-01End2013-12-31","0.87885","0.88305","0.8012","0.646033333333333","0.6658","0.721166666666667","0.848666666666667","0.8761","0.89565","0.83965","0.824625","0.8093","0.771433333333333","0.698133333333333","0.725133333333333","0.853233333333333","0.895133333333333","0.8975","0.86255","0.8035","0.886175","0.810425","0.6328","0.78896","0.87742","0.89768","0.837375","0.87322","0.83695","0.87772","0.85676","0.853033333333333","0.869383333333333","0.88322","0.88032","0.82804","0.84606","0.860316666666667","0.87834","0.86376","0.863016666666667","0.87115","0.871666666666667","0.862183333333333","0.781083333333333","0.833666666666667","0.87836","0.87446","0.8744","0.873083333333333","0.881716666666667","0.878416666666667","0.816","0.749716666666667","0.805533333333333","0.87936","0.879","0.879566666666667","0.8799","0.88775","0.8832","0.8717","0.8314","0.8723","0.878133333333333","0.8771","0.8632","0.86245","0.858483333333333","0.872216666666667","0.8681","0.875466666666667","0.872516666666667","0.877683333333333","0.862528571428571","0.8405","0.799357142857143","0.828333333333333","0.850466666666667","0.86364","0.868833333333333"
-75.80288,9.39064,2011,2013,"Lat9.39064Lon-75.80288Start2013-01-01End2013-12-31","0.5501","0.8264","0.6776","0.66785","0.6346","0.2926","0.106933333333333","-0.0064","-0.0997333333333333","0.66435","0.834","0.8025","0.83285","0.758533333333333","0.637166666666667","0.735266666666667","0.531033333333333","0.364266666666667","0.8131","0.761633333333333","0.740075","0.693333333333333","0.7571","0.79825","0.79756","0.772025","0.65705","0.4522","0.5805","0.6944","0.763875","0.8256","0.81868","0.805383333333333","0.795014285714286","0.684683333333333","0.2798","0.509416666666667","0.752033333333333","0.8014","0.8318","0.853766666666667","0.84935","0.753733333333333","0.649666666666667","0.45864","0.686233333333333","0.78254","0.84294","0.86158","0.86315","0.85005","0.682616666666667","0.66655","0.772116666666667","0.803283333333333","0.852233333333333","0.85764","0.86248","0.8552","0.820616666666667","0.724866666666667","0.534557142857143","0.84914","0.86092","0.80378","0.78525","0.712183333333333","0.793616666666667","0.6342","0.458242857142857","0.4351","0.85526","0.86602","0.81194","0.681616666666667","0.510166666666667","0.55695","0.710233333333333","0.5576","0.503885714285714"
-75.83974,9.38225,2011,2013,"Lat9.38225Lon-75.83974Start2013-01-01End2013-12-31","0.88865","0.88865","0.8377","0.839475","0.828775","0.8701","0.8865","0.88456","0.86008","0.88515","0.85665","0.8037","0.835","0.86285","0.86238","0.87398","0.88408","0.88846","0.88885","0.8692","0.817575","0.8225","0.8348","0.83998","0.8833","0.8883","0.88794","0.840775","0.86066","0.8126","0.8107","0.7842","0.78238","0.74514","0.82326","0.87764","0.751375","0.85946","0.81954","0.82316","0.81696","0.841775","0.774625","0.76076","0.8697","0.73896","0.803116666666667","0.86838","0.86848","0.87514","0.85885","0.8013","0.82125","0.8375","0.802383333333333","0.86604","0.8632","0.86212","0.87236","0.884475","0.884175","0.87026","0.87318","0.846842857142857","0.86365","0.862966666666667","0.86542","0.889825","0.89435","0.895225","0.88854","0.8649","0.864328571428571","0.863716666666667","0.865016666666667","0.871316666666667","0.8862","0.8862","0.878314285714286","0.862785714285714","0.85128"
-75.87213,9.41551,2011,2013,"Lat9.41551Lon-75.87213Start2013-01-01End2013-12-31","0.6982","0.53915","0.52495","0.6908","0.315","0.58005","0.761166666666667","0.65066","0.6567","0.83055","0.827","0.87065","0.87915","0.89775","0.88235","0.828766666666667","0.84152","0.86502","0.8814","0.9113","0.90825","0.90455","0.8927","0.86","0.811566666666667","0.84155","0.865075","0.860966666666667","0.8654","0.885366666666667","0.87335","0.87755","0.878966666666667","0.838225","0.83095","0.8192","0.842675","0.83356","0.8352","0.8259","0.8071","0.83055","0.87598","0.85944","0.835875","0.87302","0.86534","0.85984","0.86238","0.87426","0.86038","0.856366666666667","0.86986","0.86588","0.84496","0.87204","0.8761","0.88154","0.8744","0.8771","0.88312","0.8981","0.895275","0.7654","0.8257","0.8851","0.88924","0.88244","0.8827","0.89335","0.895225","0.895425","0.57454","0.87256","0.88298","0.8897","0.87998","0.88242","0.890175","0.88785","0.890975"
-75.82663,9.36734,2011,2013,"Lat9.36734Lon-75.82663Start2013-01-01End2013-12-31","0.89435","0.895225","0.88854","0.8649","0.84275","0.84085","0.873733333333333","0.841566666666667","0.795233333333333","0.8862","0.878314285714286","0.862785714285714","0.85128","0.8365","0.8291","0.8714","0.8424","0.763666666666667","0.8873","0.872857142857143","0.846414285714286","0.74505","0.6272","0.743783333333333","0.8672","0.86292","0.83134","0.874571428571429","0.86255","0.838228571428571","0.683642857142857","0.605933333333333","0.79284","0.86222","0.861816666666667","0.850166666666667","0.857785714285714","0.853214285714286","0.8178","0.80765","0.819966666666667","0.8463","0.8517","0.853157142857143","0.831342857142857","0.853271428571429","0.845671428571429","0.820166666666667","0.8475","0.864116666666667","0.862716666666667","0.840571428571429","0.8299","0.773057142857143","0.84765","0.8294","0.8278","0.85578","0.84276","0.844","0.8129375","0.78625","0.7217625","0.85124","0.837666666666667","0.835933333333333","0.839416666666667","0.825185714285714","0.788685714285714","0.744242857142857","0.702171428571429","0.669628571428571","0.8504","0.840366666666667","0.826983333333333","0.81465","0.794128571428571","0.767514285714286","0.696157142857143","0.652285714285714","0.6759875"
-75.86388,9.39613,2011,2013,"Lat9.39613Lon-75.86388Start2013-01-01End2013-12-31","0.87386","0.89306","0.88388","0.88366","0.88436","0.894875","0.884975","0.892725","0.893475","0.893533333333333","0.898","0.899475","0.900575","0.895225","0.888975","0.887725","0.8896","0.8423","0.866533333333333","0.907575","0.90515","0.8974","0.890425","0.866375","0.869525","0.8382","0.757625","0.896433333333333","0.906625","0.9036","0.8944","0.89125","0.852175","0.810775","0.7865","0.712275","0.8987","0.899425","0.896025","0.891675","0.884475","0.88865","0.886475","0.870575","0.796475","0.89422","0.8953","0.884175","0.867","0.85765","0.88285","0.870475","0.869825","0.849875","0.88972","0.89484","0.8776","0.850575","0.747525","0.751933333333333","0.735066666666667","0.843166666666667","0.871625","0.8855","0.89088","0.86545","0.6486","0.666766666666667","0.5357","0.6759","0.764066666666667","0.8861","0.85932","0.87885","0.88305","0.8012","0.646033333333333","0.6658","0.721166666666667","0.848666666666667","0.8761"
-75.83837,9.39701,2011,2013,"Lat9.39701Lon-75.83837Start2013-01-01End2013-12-31","0.8773","0.848625","0.867675","0.886325","0.89565","0.862875","0.7551","0.6903","0.57295","0.87535","0.840975","0.833875","0.880675","0.881525","0.849825","0.759625","0.579575","0.585633333333333","0.866675","0.8814","0.881525","0.876825","0.876625","0.81985","0.770925","0.475175","0.1061","0.856866666666667","0.888833333333333","0.893","0.8946","0.856066666666667","0.786233333333333","0.575775","0.250525","0.419366666666667","0.875266666666667","0.892966666666667","0.896066666666667","0.8952","0.887533333333333","0.8817","0.796766666666667","0.7442","0.6507","0.894833333333333","0.895466666666667","0.897533333333333","0.896033333333333","0.891733333333333","0.890833333333333","0.801566666666667","0.83365","0.7814","0.873125","0.866775","0.8923","0.894833333333333","0.894333333333333","0.896433333333333","0.831575","0.83705","0.87828","0.839475","0.828775","0.8701","0.8865","0.88456","0.86008","0.84176","0.845533333333333","0.87776","0.835","0.86285","0.86238","0.87398","0.88408","0.88846","0.88504","0.867242857142857","0.858414285714286"
-75.79144,9.38443,2011,2013,"Lat9.38443Lon-75.79144Start2013-01-01End2013-12-31","0.81868","0.805383333333333","0.795014285714286","0.684683333333333","0.67664","0.6158","0.450975","0.618075","0.68445","0.853766666666667","0.84935","0.753733333333333","0.649666666666667","0.589116666666667","0.64398","0.60186","0.76356","0.740266666666667","0.86315","0.85005","0.682616666666667","0.66655","0.757316666666667","0.7594","0.7473","0.7644","0.707571428571429","0.8552","0.820616666666667","0.724866666666667","0.534557142857143","0.7552","0.7664","0.768383333333333","0.766766666666667","0.714171428571429","0.793616666666667","0.6342","0.458242857142857","0.4351","0.58954","0.626483333333333","0.70315","0.714771428571429","0.700771428571429","0.55695","0.710233333333333","0.5576","0.503885714285714","0.58215","0.65314","0.6743","0.652816666666667","0.63106","0.751533333333333","0.785971428571429","0.6594375","0.594433333333333","0.6353","0.643666666666667","0.652233333333333","0.6789","0.63472","0.834771428571429","0.7236","0.6412625","0.622583333333333","0.6293","0.64375","0.654266666666667","0.62682","0.66906","0.787828571428571","0.655625","0.640085714285714","0.642657142857143","0.620728571428572","0.6317125","0.645825","0.610866666666667","0.59512"
-75.84351,9.36793,2011,2013,"Lat9.36793Lon-75.84351Start2013-01-01End2013-12-31","0.8832","0.8717","0.8314","0.846842857142857","0.86365","0.862966666666667","0.86542","0.889825","0.89435","0.872216666666667","0.8681","0.875466666666667","0.864328571428571","0.863716666666667","0.865016666666667","0.871316666666667","0.8862","0.8862","0.850466666666667","0.86364","0.868833333333333","0.846914285714286","0.841485714285714","0.845057142857143","0.848716666666667","0.882133333333333","0.8873","0.809383333333333","0.853883333333333","0.871383333333333","0.859742857142857","0.859742857142857","0.801971428571429","0.827114285714286","0.861942857142857","0.874571428571429","0.860066666666667","0.864783333333333","0.863066666666667","0.861314285714286","0.856185714285714","0.855471428571429","0.861514285714286","0.869828571428572","0.857785714285714","0.84158","0.8464","0.82562","0.7911","0.79305","0.82695","0.8615","0.860285714285714","0.853271428571429","0.75092","0.77246","0.782725","0.710975","0.695875","0.8119","0.84638","0.84926","0.84765","0.84464","0.82425","0.813666666666667","0.7897","0.846466666666667","0.873766666666667","0.85835","0.86545","0.85124","0.85646","0.8707","0.851766666666667","0.848933333333333","0.860566666666667","0.876266666666667","0.859525","0.8676","0.8504"
-75.84638,9.34066,2011,2013,"Lat9.34066Lon-75.84638Start2013-01-01End2013-12-31","0.543833333333333","0.552433333333333","0.5554","0.795325","0.83105","0.861575","0.82092","0.8178","0.8263","0.2337","0.648733333333333","0.7597","0.867475","0.868425","0.853","0.83844","0.83216","0.83778","0.231466666666667","0.476733333333333","0.685333333333333","0.7612","0.86265","0.8518","0.84074","0.83844","0.82382","0.204066666666667","0.214433333333333","0.414375","0.729025","0.81405","0.837775","0.832325","0.826725","0.82065","0.556525","0.594075","0.57494","0.64414","0.79182","0.8436","0.8393","0.831925","0.814825","0.767975","0.8248","0.77544","0.63178","0.81668","0.85334","0.85074","0.81986","0.751333333333333","0.8255","0.84016","0.80784","0.79508","0.8265","0.82275","0.83094","0.82096","0.75622","0.865225","0.84712","0.82114","0.84946","0.857357142857143","0.860666666666667","0.850166666666667","0.8226","0.751916666666667","0.86568","0.85785","0.831683333333333","0.833583333333333","0.8489625","0.837628571428572","0.813783333333333","0.7888","0.7567"
-75.84466,9.3954,2011,2013,"Lat9.39540Lon-75.84466Start2013-01-01End2013-12-31","0.766525","0.6151","0.62395","0.782625","0.87535","0.840975","0.833875","0.880675","0.881525","0.426925","0.2464","0.499966666666667","0.713133333333333","0.866675","0.8814","0.881525","0.876825","0.876625","0.5357","0.2364","0.324533333333333","0.789466666666667","0.856866666666667","0.888833333333333","0.893","0.8946","0.856066666666667","0.485525","0.3845","0.614366666666667","0.783833333333333","0.875266666666667","0.892966666666667","0.896066666666667","0.8952","0.887533333333333","0.6111","0.672566666666667","0.8363","0.835466666666667","0.894833333333333","0.895466666666667","0.897533333333333","0.896033333333333","0.891733333333333","0.8022","0.770866666666667","0.867866666666667","0.89","0.873125","0.866775","0.8923","0.894833333333333","0.894333333333333","0.89125","0.88865","0.88865","0.8377","0.839475","0.828775","0.8701","0.8865","0.88456","0.89565","0.88515","0.85665","0.8037","0.835","0.86285","0.86238","0.87398","0.88408","0.8975","0.88885","0.8692","0.817575","0.8225","0.8348","0.83998","0.8833","0.8883"
-75.85398,9.36903,2011,2013,"Lat9.36903Lon-75.85398Start2013-01-01End2013-12-31","0.87836","0.87446","0.8744","0.873083333333333","0.881716666666667","0.878416666666667","0.816","0.749716666666667","0.802383333333333","0.87936","0.879","0.879566666666667","0.8799","0.88775","0.8832","0.8717","0.8314","0.846842857142857","0.878133333333333","0.8771","0.8632","0.86245","0.858483333333333","0.872216666666667","0.8681","0.875466666666667","0.864328571428571","0.877683333333333","0.862528571428571","0.8405","0.799357142857143","0.828333333333333","0.850466666666667","0.86364","0.868833333333333","0.846914285714286","0.867366666666667","0.843571428571429","0.792257142857143","0.795642857142857","0.818066666666667","0.809383333333333","0.853883333333333","0.871383333333333","0.859742857142857","0.851671428571429","0.8097875","0.8329625","0.862033333333333","0.860733333333333","0.860066666666667","0.864783333333333","0.863066666666667","0.861314285714286","0.828183333333333","0.813914285714286","0.846642857142857","0.86235","0.85145","0.84158","0.8464","0.82562","0.7911","0.80838","0.833","0.85032","0.85014","0.7564","0.75092","0.77246","0.782725","0.710975","0.80208","0.85286","0.846","0.8071","0.82886","0.84464","0.82425","0.813666666666667","0.7897"
-75.84393,9.37841,2011,2013,"Lat9.37841Lon-75.84393Start2013-01-01End2013-12-31","0.895133333333333","0.8975","0.88885","0.8692","0.817575","0.8225","0.8348","0.83998","0.8833","0.89768","0.837375","0.840775","0.86066","0.8126","0.8107","0.7842","0.78238","0.74514","0.88032","0.82804","0.751375","0.85946","0.81954","0.82316","0.81696","0.841775","0.774625","0.862183333333333","0.781083333333333","0.73896","0.803116666666667","0.86838","0.86848","0.87514","0.85885","0.8013","0.816","0.749716666666667","0.802383333333333","0.86604","0.8632","0.86212","0.87236","0.884475","0.884175","0.8717","0.8314","0.846842857142857","0.86365","0.862966666666667","0.86542","0.889825","0.89435","0.895225","0.8681","0.875466666666667","0.864328571428571","0.863716666666667","0.865016666666667","0.871316666666667","0.8862","0.8862","0.878314285714286","0.86364","0.868833333333333","0.846914285714286","0.841485714285714","0.845057142857143","0.848716666666667","0.882133333333333","0.8873","0.872857142857143","0.853883333333333","0.871383333333333","0.859742857142857","0.859742857142857","0.801971428571429","0.827114285714286","0.861942857142857","0.874571428571429","0.86255"
-75.82757,9.41828,2011,2013,"Lat9.41828Lon-75.82757Start2013-01-01End2013-12-31","0.7576","0.824","0.836333333333333","0.849833333333333","0.782825","0.464325","0.2136",NA,"-0.0314666666666667","0.8653","0.867766666666667","0.857725","0.85265","0.835","0.71955","0.3212","0.3615","0.3912","0.830533333333333","0.825133333333333","0.814433333333333","0.824825","0.822125","0.853933333333333","0.8819","0.7644","0.824033333333333","0.8465","0.827733333333333","0.824066666666667","0.8044","0.8397","0.833525","0.849125","0.838425","0.8369","0.86092","0.86092","0.86004","0.85266","0.8409","0.780833333333333","0.831675","0.8406","0.829225","0.8916","0.888575","0.88115","0.85126","0.827933333333333","0.726433333333333","0.49344","0.3879","0.3878","0.8948","0.894075","0.885675","0.800025","0.56522","0.371425","0.015375","0.039775","-0.00285000000000001","0.865475","0.862375","0.810825","0.7047","0.50236","0.128375","0.0256","-0.0151666666666667","0.02415","0.8439","0.75734","0.64238","0.302433333333333","0.0765333333333333","-0.02935","-0.12565","-0.1815","-0.1976"
-75.588471,9.42212,2011,2013,"Lat9.42212Lon-75.58847Start2013-01-01End2013-12-31","0.6543","0.634966666666667","0.637166666666667","0.657433333333333","0.687585714285714","0.6790125","0.648422222222222","0.637222222222222","0.646055555555556","0.646666666666667","0.641183333333333","0.626666666666667","0.665857142857143","0.661175","0.6737375","0.615688888888889","0.603255555555556","0.5887","0.605628571428571","0.652266666666667","0.649166666666667","0.643771428571429","0.6675","0.663628571428571","0.61365","0.613533333333333","0.5948","0.636925","0.6614","0.656285714285714","0.636457142857143","0.637942857142857","0.6074","0.589811111111111","0.601355555555556","0.5850125","0.68455","0.65775","0.6536625","0.6456625","0.6101875","0.6046125","0.590033333333333","0.572475","0.5828625","0.6749875","0.66185","0.660225","0.651675","0.6355375","0.594344444444444","0.588233333333333","0.5838875","0.5844875","0.6708875","0.68085","0.662325","0.638275","0.607225","0.609075","0.5841375","0.561571428571429","0.559085714285714","0.6693375","0.6671625","0.6548","0.6518","0.6215875","0.635725","0.570642857142857","0.565985714285714","0.578714285714286","0.6492","0.6489","0.6545","0.652955555555556","0.6493875","0.6392125","0.603557142857143","0.6054","0.604085714285714"
-75.8548,9.35569,2011,2013,"Lat9.35569Lon-75.85480Start2013-01-01End2013-12-31","0.75348","0.80838","0.833","0.85032","0.85014","0.7564","0.75092","0.77246","0.782725","0.80178","0.80208","0.85286","0.846","0.8071","0.82886","0.84464","0.82425","0.813666666666667","0.85072","0.85094","0.84728","0.82532","0.75252","0.867","0.85646","0.8707","0.851766666666667","0.84575","0.84635","0.847225","0.846825","0.8219","0.873866666666667","0.857825","0.846533333333333","0.827333333333333","0.8719","0.8769","0.871666666666667","0.8617","0.866833333333333","0.8488","0.856333333333333","0.833","0.81325","0.8608","0.851566666666667","0.874833333333333","0.831133333333333","0.7535","0.745666666666667","0.773825","0.847225","0.85432","0.849966666666667","0.784866666666667","0.745233333333333","0.7473","0.440033333333333","0.676066666666667","0.733475","0.85775","0.82418","0.721466666666667","0.597933333333333","0.543833333333333","0.552433333333333","0.5554","0.795325","0.83105","0.861575","0.82092","0.451466666666667","0.249966666666667","0.2337","0.648733333333333","0.7597","0.867475","0.868425","0.853","0.83844"
-77.10053056,8.050766667,2011,2013,"Lat8.05077Lon-77.10053Start2013-01-01End2013-12-31","0.74185","0.724866666666667","0.709416666666667","0.700683333333333","0.727683333333333","0.737683333333333","0.73882","0.7368","0.72524","0.748916666666667","0.742416666666667","0.733833333333333","0.7307","0.733283333333333","0.747183333333333","0.76392","0.72264","0.68166","0.693485714285714","0.74825","0.769616666666667","0.782816666666667","0.781","0.7404","0.732233333333333","0.705266666666667","0.70086","0.686257142857143","0.746533333333333","0.757533333333333","0.75844","0.76688","0.733916666666667","0.738766666666667","0.705183333333333","0.690316666666667","0.731716666666667","0.71485","0.717716666666667","0.70572","0.69645","0.71616","0.72296","0.7054","0.70598","0.75966","0.73986","0.73942","0.69982","0.683316666666667","0.69664","0.67892","0.66798","0.69095","0.722066666666667","0.688733333333333","0.69406","0.71412","0.72675","0.726075","0.670975","0.64265","0.636166666666667","0.68546","0.6886","0.71684","0.72024","0.724225","0.77525","0.717875","0.597766666666667","0.56895","0.72732","0.6994","0.716883333333333","0.699866666666667","0.705975","0.737075","0.647575","0.51265","0.603266666666667"
-76.74069444,7.959202778,2011,2013,"Lat7.95920Lon-76.74069Start2013-01-01End2013-12-31",NA,NA,NA,NA,NA,NA,NA,NA,NA,NA,NA,NA,NA,NA,"0.6788",NA,NA,NA,NA,NA,NA,NA,NA,"0.7885","0.7516","0.8385","0.8504",NA,NA,NA,NA,"0.8418","0.8418","0.8477","0.8644","0.8718",NA,NA,NA,NA,"0.8681","0.872","0.8806","0.8748","0.8718",NA,NA,NA,NA,"0.8696","0.8694","0.8824","0.8748","0.83215",NA,NA,NA,"0.8805","0.873","0.873","0.8824","0.8857","0.82485",NA,NA,NA,"0.8039","0.879","0.8788","0.89","0.89","0.86845",NA,NA,NA,"0.182","0.879","0.8797","0.8822","0.8877","0.7388"
-76.74784722,8.111113889,2011,2013,"Lat8.11111Lon-76.74785Start2013-01-01End2013-12-31",NA,NA,NA,NA,NA,NA,NA,NA,NA,NA,NA,NA,NA,NA,NA,NA,NA,NA,NA,NA,NA,NA,NA,NA,NA,NA,"0.6437",NA,NA,NA,NA,NA,NA,NA,NA,"0.48395",NA,NA,NA,NA,NA,NA,NA,NA,"0.48395",NA,NA,NA,NA,NA,NA,NA,"0.5337","0.5337",NA,NA,NA,NA,NA,NA,NA,NA,"0.5512",NA,NA,NA,NA,NA,NA,NA,"0.4502","0.4502",NA,NA,NA,NA,NA,NA,NA,"0.46","0.6602"
-76.74784722,8.111113889,2011,2013,"Lat8.11111Lon-76.74785Start2013-01-01End2013-12-31",NA,NA,NA,NA,NA,NA,NA,NA,NA,NA,NA,NA,NA,NA,NA,NA,NA,NA,NA,NA,NA,NA,NA,NA,NA,NA,"0.6437",NA,NA,NA,NA,NA,NA,NA,NA,"0.48395",NA,NA,NA,NA,NA,NA,NA,NA,"0.48395",NA,NA,NA,NA,NA,NA,NA,"0.5337","0.5337",NA,NA,NA,NA,NA,NA,NA,NA,"0.5512",NA,NA,NA,NA,NA,NA,NA,"0.4502","0.4502",NA,NA,NA,NA,NA,NA,NA,"0.46","0.6602"
-76.929225,8.545830556,2011,2013,"Lat8.54583Lon-76.92923Start2013-01-01End2013-12-31","0.3995","0.3995","0.7437","0.8494","0.8027","0.7907","0.76015","0.7614","0.7736","0.21855","0.67995","0.8888","0.8888","0.8839","0.7907","0.745","0.734","0.7373","0.12275","0.6283","0.8536","0.85935","0.86685","0.8616","0.811533333333333","0.809933333333333","0.7695","0.1307","0.6539","0.7858","0.812","0.83565","0.860966666666667","0.8896","0.8668","0.8675","0.28465","0.6719","0.71745","0.68735","0.8003","0.826933333333333","0.882633333333333","0.887633333333333","0.853166666666667","0.2436","0.63035","0.76555","0.5733","0.4572","0.810566666666667","0.7407","0.689325","0.667025","0.25315","0.71215","0.763","0.62365","0.32625","0.5792","0.63065","0.524366666666667","0.287466666666667","0.0636","0.4764","0.774","0.1902","0.4602","0.72825","0.37365","0.26185","0.170066666666667","-0.0025","0.1246","0.774","0.5767","0.4506","0.5556","0.4078","0.2945","0.364933333333333"
-76.929225,8.545830556,2011,2013,"Lat8.54583Lon-76.92923Start2013-01-01End2013-12-31","0.3995","0.3995","0.7437","0.8494","0.8027","0.7907","0.76015","0.7614","0.7736","0.21855","0.67995","0.8888","0.8888","0.8839","0.7907","0.745","0.734","0.7373","0.12275","0.6283","0.8536","0.85935","0.86685","0.8616","0.811533333333333","0.809933333333333","0.7695","0.1307","0.6539","0.7858","0.812","0.83565","0.860966666666667","0.8896","0.8668","0.8675","0.28465","0.6719","0.71745","0.68735","0.8003","0.826933333333333","0.882633333333333","0.887633333333333","0.853166666666667","0.2436","0.63035","0.76555","0.5733","0.4572","0.810566666666667","0.7407","0.689325","0.667025","0.25315","0.71215","0.763","0.62365","0.32625","0.5792","0.63065","0.524366666666667","0.287466666666667","0.0636","0.4764","0.774","0.1902","0.4602","0.72825","0.37365","0.26185","0.170066666666667","-0.0025","0.1246","0.774","0.5767","0.4506","0.5556","0.4078","0.2945","0.364933333333333"
-76.929225,8.545830556,2011,2013,"Lat8.54583Lon-76.92923Start2013-01-01End2013-12-31","0.3995","0.3995","0.7437","0.8494","0.8027","0.7907","0.76015","0.7614","0.7736","0.21855","0.67995","0.8888","0.8888","0.8839","0.7907","0.745","0.734","0.7373","0.12275","0.6283","0.8536","0.85935","0.86685","0.8616","0.811533333333333","0.809933333333333","0.7695","0.1307","0.6539","0.7858","0.812","0.83565","0.860966666666667","0.8896","0.8668","0.8675","0.28465","0.6719","0.71745","0.68735","0.8003","0.826933333333333","0.882633333333333","0.887633333333333","0.853166666666667","0.2436","0.63035","0.76555","0.5733","0.4572","0.810566666666667","0.7407","0.689325","0.667025","0.25315","0.71215","0.763","0.62365","0.32625","0.5792","0.63065","0.524366666666667","0.287466666666667","0.0636","0.4764","0.774","0.1902","0.4602","0.72825","0.37365","0.26185","0.170066666666667","-0.0025","0.1246","0.774","0.5767","0.4506","0.5556","0.4078","0.2945","0.364933333333333"
-77.24141944,5.782527778,2011,2013,"Lat5.78253Lon-77.24142Start2013-01-01End2013-12-31",NA,NA,NA,NA,NA,NA,NA,NA,NA,NA,NA,NA,NA,NA,NA,NA,NA,NA,NA,NA,NA,NA,NA,NA,NA,NA,NA,NA,NA,NA,NA,NA,NA,NA,NA,NA,NA,NA,NA,NA,NA,NA,NA,NA,NA,NA,NA,NA,NA,NA,NA,NA,NA,NA,"0.477","-0.0124","0.0145","0.7896","0.7896",NA,NA,NA,NA,"0.5324","0.3296","0.7634","0.612",NA,NA,NA,NA,NA,"0.7571","0.8916","0.7634","0.8344",NA,NA,NA,NA,NA
-77.42472222,4.052888889,2011,2013,"Lat4.05289Lon-77.42472Start2013-01-01End2013-12-31",NA,NA,NA,NA,NA,NA,NA,NA,NA,NA,NA,NA,NA,NA,NA,NA,NA,NA,NA,NA,NA,NA,NA,NA,NA,NA,NA,NA,NA,NA,NA,NA,NA,NA,NA,NA,NA,NA,NA,NA,NA,NA,NA,NA,NA,NA,NA,NA,NA,NA,NA,NA,NA,NA,NA,NA,NA,NA,NA,NA,NA,NA,NA,NA,NA,NA,NA,NA,NA,NA,NA,NA,NA,NA,NA,NA,NA,NA,NA,NA,NA
-77.25944444,4.094388889,2011,2013,"Lat4.09439Lon-77.25944Start2013-01-01End2013-12-31",NA,NA,NA,NA,NA,NA,NA,NA,NA,NA,NA,NA,NA,NA,NA,NA,NA,NA,NA,NA,NA,NA,NA,NA,NA,NA,NA,NA,NA,NA,NA,NA,NA,NA,"0.8844","0.8957",NA,NA,NA,NA,NA,NA,NA,"0.8489","0.8902",NA,NA,NA,NA,NA,NA,"0.7526","0.8016","0.8016","0.8805","0.8903","0.8788",NA,NA,NA,"0.7662","0.665","0.1012","0.8903","0.8903","0.8788","0.8823","0.8927","0.8889","0.8708","0.8541","0.431","0.8713","0.8827","0.8922","0.8922","0.8768","0.8762","0.8609","0.8347","0.4387"
-77.06689444,3.914761111,2011,2013,"Lat3.91476Lon-77.06689Start2013-01-01End2013-12-31","0.8268","0.7447","0.6995","0.6995","0.8587","0.8309","0.8016","0.8258","0.85225","0.861","0.8403","0.8366","0.6922","0.6922","0.7613","0.806","0.79975","0.80595","0.8681","0.8609","0.8366","0.8388","0.8556","0.8022","0.8149","0.7394","0.7383","0.8486","0.8609","0.8651","0.8632","0.8692","0.8165","0.7676","0.7842","0.7555","0.8512","0.8665","0.8592","0.8632","0.8542","0.8368","0.8482","0.8174","0.7555","0.8427","0.868","0.8442","0.849","0.8589","0.8542","0.8507","0.7893","0.7553","0.7521","0.8325","0.8325","0.8325","0.8509","0.8683","0.8568","0.7814","0.7091","0.7521","0.7788","0.8164","0.8179","0.8539","0.8388","0.8388","0.7814","0.4644","0.7445","0.7951","0.8231","0.7839","0.8502","0.7941","0.7531","0.7531","0.6811"
-77.06688889,3.851583333,2011,2013,"Lat3.85158Lon-77.06689Start2013-01-01End2013-12-31",NA,NA,NA,NA,NA,NA,NA,NA,NA,NA,NA,NA,NA,NA,NA,NA,NA,NA,NA,NA,NA,NA,NA,NA,NA,NA,NA,NA,NA,NA,NA,NA,NA,NA,NA,NA,"0.8275","0.6503",NA,NA,NA,NA,NA,NA,NA,"0.7478","0.6503",NA,NA,NA,NA,NA,NA,NA,"0.4732","0.4732",NA,NA,NA,NA,NA,NA,NA,"0.8754",NA,NA,NA,NA,NA,NA,NA,NA,"0.8869",NA,NA,NA,NA,NA,NA,NA,NA
-77.10669444,3.807722222,2011,2013,"Lat3.80772Lon-77.10669Start2013-01-01End2013-12-31",NA,NA,"0.6922","0.4637","0.3765","0.1212",NA,NA,"-0.0074",NA,NA,"0.8605","0.8643","0.81175","0.5014","0.73725","0.4742","0.2889","0.8876","0.8846","0.8839","0.8403","0.8074","0.6449","0.83465","0.7396","0.4045","0.8869","0.8988","0.9006","0.8073","0.66655","0.73995","0.81865","0.8333","0.5007","0.8971","0.8938","0.8402","0.7886","0.85045","0.794","0.809","0.809","0.6842","0.88765","0.8606","0.84255","0.8662","0.85535","0.84495","0.8405","0.7633","0.7965","0.8091","0.85015","0.87505","0.8645","0.8224","0.7308","0.7136","0.8441","0.8165","0.8507","0.8256","0.8606","0.8557","0.8576","0.79055","0.7878","0.7878","0.8617","0.8716","0.8433","0.8606","0.8384","0.8309","0.77025","0.78325","0.8166","0.81005"
-77.16902778,3.621861111,2011,2013,"Lat3.62186Lon-77.16903Start2013-01-01End2013-12-31",NA,"0.8074","0.8074","0.8498","0.8759","0.8759","0.8853","0.8807","0.8611",NA,NA,NA,NA,NA,NA,"0.8853","0.8807","0.8807",NA,NA,NA,NA,NA,NA,NA,"0.8491","0.8734",NA,NA,NA,NA,NA,NA,NA,"0.8449","0.8603",NA,NA,NA,NA,NA,NA,"0.8713","0.8713","0.8689",NA,NA,NA,NA,NA,NA,"0.9","0.8713","0.8689","0.8408","0.8332","0.8332","0.8664","0.8572",NA,"0.9","0.8955","0.8955","0.8613","0.8574","0.8574","0.862","0.8572","0.8572","0.8615","0.8714","0.8714","0.852366666666667","0.839333333333333","0.75625","0.7003","0.8702","0.8846","0.8846","0.8901","0.8921"
-77.13091667,3.664944444,2011,2013,"Lat3.66494Lon-77.13092Start2013-01-01End2013-12-31",NA,NA,NA,NA,NA,NA,"0.8483","0.8818","0.8775",NA,NA,NA,NA,NA,NA,"0.8541","0.8907","0.7912",NA,NA,NA,NA,NA,"0.8853","0.9142","0.8898","0.6502",NA,NA,NA,NA,NA,"0.884","0.7546","0.7546","0.374",NA,NA,NA,NA,NA,"0.7304","0.8422","0.8422","0.6696","0.7937","0.4148","0.4148","0.5031",NA,"0.5074","-0.016","0.4003","0.4003",NA,NA,NA,"0.8933","0.8645","0.8936","0.8501","0.7739","0.4003",NA,NA,"0.9085","0.9085","0.9012","0.8909","0.8501","0.7739",NA,NA,NA,"0.8992","0.8992","0.9012","0.8909","0.8909","0.8922",NA
-77.18177778,3.693222222,2011,2013,"Lat3.69322Lon-77.18178Start2013-01-01End2013-12-31",NA,NA,NA,"0.8096","0.8096","0.73915","0.7201","0.613","0.86815",NA,NA,"0.9145","0.84105","0.68625","0.778725","0.808333333333333","0.625166666666667","0.84645",NA,NA,"0.9091","0.87005","0.67775","0.706875","0.758875","0.58235","0.2102",NA,NA,"0.8932","0.87325","0.77135","0.61785","0.62915","0.230375",NA,NA,NA,"0.9013","0.86545","0.8342","0.6128","0.3001","-0.0912",NA,NA,"0.8635","0.86295","0.85475","0.8395","0.6696","0.1803",NA,"-0.1696",NA,"0.8635","0.8655","0.80495","0.607233333333333","0.1696","-0.07325",NA,"-0.1696",NA,"0.8169","0.8575","0.75885","0.2286","-0.0544","-0.0544",NA,NA,NA,"0.681","0.8551","0.55865","-0.0836","-0.0678",NA,NA,NA
-77.36269444,3.385388889,2011,2013,"Lat3.38539Lon-77.36269Start2013-01-01End2013-12-31","0.39275",NA,"-0.1421","0.8396","0.8396","0.9063","0.9152","0.9152","0.9048","0.14455",NA,"-0.1421","0.7325","0.7325","0.9241","0.9278","0.9278","0.92","0.27605","-0.1279",NA,"0.4584","0.9092","0.9092","0.9323","0.9229","0.92","0.42495",NA,NA,"0.1433","0.8638","0.8638","0.9323","0.9229","0.9229","0.5619",NA,NA,"-0.1645","0.7071","0.9084","0.9084","0.9247","0.8957","0.8393","0.1813",NA,"-0.1645","0.7071","0.9175","0.9175","0.9104","0.9195","0.7031","0.46205","0.1449","0.2948",NA,NA,NA,NA,NA,"0.6189","0.5405","0.1449","0.2948","0.2948","0.7656","0.8267","0.8267","0.8199","0.81805","0.73965","0.617","0.0831","0.0831","0.529","0.8078","0.8078","0.8129"
-77.36269444,3.385388889,2011,2013,"Lat3.38539Lon-77.36269Start2013-01-01End2013-12-31","0.39275",NA,"-0.1421","0.8396","0.8396","0.9063","0.9152","0.9152","0.9048","0.14455",NA,"-0.1421","0.7325","0.7325","0.9241","0.9278","0.9278","0.92","0.27605","-0.1279",NA,"0.4584","0.9092","0.9092","0.9323","0.9229","0.92","0.42495",NA,NA,"0.1433","0.8638","0.8638","0.9323","0.9229","0.9229","0.5619",NA,NA,"-0.1645","0.7071","0.9084","0.9084","0.9247","0.8957","0.8393","0.1813",NA,"-0.1645","0.7071","0.9175","0.9175","0.9104","0.9195","0.7031","0.46205","0.1449","0.2948",NA,NA,NA,NA,NA,"0.6189","0.5405","0.1449","0.2948","0.2948","0.7656","0.8267","0.8267","0.8199","0.81805","0.73965","0.617","0.0831","0.0831","0.529","0.8078","0.8078","0.8129"
-77.38194444,3.383138889,2011,2013,"Lat3.38314Lon-77.38194Start2013-01-01End2013-12-31","0.80075","0.862","0.8557","0.807066666666667","0.788","0.88365","0.90255","0.88675","0.7788","0.821","0.85475","0.86965","0.8358","0.87785","0.8916","0.90785","0.9053","0.761","0.8025","0.8455","0.86165","0.843","0.90045","0.8981","0.8912","0.8717","0.83915","0.8087","0.7908","0.78245","0.78535","0.86735","0.8869","0.88","0.8956","0.86305","0.785566666666667","0.84175","0.84175","0.854166666666667","0.835666666666667","0.855","0.89585","0.90805","0.87415","0.83645","0.82435","0.8107","0.819866666666667","0.8343","0.849266666666667","0.865333333333333","0.843766666666667","0.773833333333333","0.83475","0.82435","0.8269","0.8269","0.845","0.79975","0.82165","0.8039","0.7424","0.82145","0.82145","0.8174","0.8174","0.82035","0.8655","0.87765","0.84935","0.80065","0.85075","0.85075","0.8058","0.8188","0.8188","0.8647","0.87765","0.86955","0.85625"
-77.45654722,3.227183333,2011,2013,"Lat3.22718Lon-77.45655Start2013-01-01End2013-12-31","0.8958","0.8877","0.8527",NA,NA,NA,NA,NA,NA,"0.8958","0.8877","0.8527","0.6689","0.6511","0.65","0.7669","0.7867","0.7867","0.8933","0.8415","0.8662","0.8776","0.881","0.8711","0.7669","0.7867",NA,"0.7027","0.6762","0.7511","0.8577","0.8616","0.8711","0.8568","0.8705",NA,"0.8591","0.6116","0.703","0.703","0.8616","0.872","0.8522","0.8574",NA,NA,NA,NA,"0.826","0.826","0.8477","0.8533","0.8012",NA,NA,NA,NA,"0.8082","0.8642","0.8671","0.7049","0.7049",NA,NA,NA,NA,"0.822","0.8634","0.8197","0.7917",NA,NA,NA,NA,NA,"0.8633","0.8395","0.7616","0.7601",NA,NA
-77.21480556,4.067805556,2011,2013,"Lat4.06781Lon-77.21481Start2013-01-01End2013-12-31",NA,NA,NA,NA,NA,NA,NA,NA,NA,"0.7311","0.7311","0.6257",NA,NA,NA,NA,NA,NA,"0.6746","0.7311","0.6257","0.3679",NA,NA,NA,NA,NA,"0.6746","0.5831","0.5831","0.4036",NA,NA,NA,NA,NA,"0.6598","0.5451","0.5121","0.5121",NA,NA,NA,NA,NA,"0.6011","0.5076","0.4635","0.4635",NA,NA,NA,NA,NA,NA,NA,"0.4635",NA,NA,NA,NA,NA,NA,NA,NA,NA,NA,NA,NA,NA,NA,NA,NA,NA,NA,NA,NA,NA,NA,NA,NA
-77.2055,4.084166667,2011,2013,"Lat4.08417Lon-77.20550Start2013-01-01End2013-12-31","0.8804","0.8886","0.8857","0.8795",NA,NA,NA,NA,NA,"0.904","0.8886","0.8857","0.8876",NA,NA,NA,NA,NA,"0.904","0.8912","0.8912","0.8686",NA,NA,NA,NA,NA,NA,NA,NA,NA,NA,NA,NA,NA,NA,NA,NA,NA,NA,NA,NA,NA,NA,"0.8604",NA,NA,NA,NA,NA,NA,NA,NA,"0.8651",NA,NA,NA,NA,NA,NA,NA,NA,"0.8603",NA,NA,NA,NA,NA,NA,NA,"0.8651","0.8991",NA,NA,NA,NA,NA,NA,NA,"0.8622","0.8875"
-77.20513889,4.087388889,2011,2013,"Lat4.08739Lon-77.20514Start2013-01-01End2013-12-31","0.8754","0.8754","0.8838","0.8795",NA,NA,NA,NA,NA,"0.8804","0.8886","0.8857","0.8795",NA,NA,NA,NA,NA,"0.904","0.8886","0.8857","0.8876",NA,NA,NA,NA,NA,"0.904","0.8912","0.8912","0.8686",NA,NA,NA,NA,NA,NA,NA,NA,NA,NA,NA,NA,NA,NA,NA,NA,NA,NA,NA,NA,NA,NA,"0.8604",NA,NA,NA,NA,NA,NA,NA,NA,"0.8651",NA,NA,NA,NA,NA,NA,NA,NA,"0.8603",NA,NA,NA,NA,NA,NA,NA,"0.8651","0.8991"
-77.19269444,4.050611111,2011,2013,"Lat4.05061Lon-77.19269Start2013-01-01End2013-12-31",NA,NA,NA,NA,NA,"0.8741","0.8799","0.8875","0.8879",NA,NA,NA,NA,NA,"0.7446","0.7572","0.8585","0.8055",NA,NA,NA,NA,NA,NA,NA,NA,NA,NA,NA,NA,NA,NA,NA,NA,NA,NA,NA,NA,NA,NA,NA,NA,NA,NA,NA,NA,NA,NA,NA,NA,NA,NA,NA,"0.303",NA,NA,NA,NA,NA,NA,NA,NA,"0.5577",NA,NA,NA,NA,NA,NA,NA,NA,"0.6975",NA,NA,NA,NA,NA,NA,NA,NA,"0.8888"
-77.26780556,4.0805,2011,2013,"Lat4.08050Lon-77.26781Start2013-01-01End2013-12-31",NA,NA,"0.8853","0.8846","0.8922","0.8903","0.8903","0.8788","0.8823",NA,NA,"0.8814","0.8805","0.882","0.8713","0.8827","0.8922","0.8922",NA,NA,"0.859","0.8741","0.8834","0.884","0.8827","0.8924","0.8851",NA,"0.8558","0.8558","0.8617","0.8842","0.884","0.8661","0.8736","0.8622",NA,"0.8774","0.8837","0.8771","0.8433","0.8895","0.8781","0.8758","0.842",NA,"0.8676","0.8734","0.8722","0.8433","0.849","0.8645","0.8645","0.8754",NA,"0.8643","0.8603","0.8722","0.8289","0.7917","0.7681","0.8219","0.8734",NA,NA,"0.8603","0.8424","0.7906","0.8432","0.8478","0.818","0.7877",NA,NA,NA,NA,NA,NA,NA,NA,NA
-77.26597222,4.054305556,2011,2013,"Lat4.05431Lon-77.26597Start2013-01-01End2013-12-31",NA,NA,NA,NA,NA,NA,NA,NA,NA,NA,NA,NA,NA,NA,NA,NA,NA,NA,NA,NA,NA,NA,NA,NA,NA,NA,NA,NA,NA,NA,NA,NA,NA,NA,NA,NA,NA,NA,NA,NA,NA,NA,NA,NA,NA,NA,NA,NA,NA,NA,NA,NA,NA,NA,NA,NA,NA,NA,NA,NA,NA,NA,NA,NA,NA,NA,"-0.0725","-0.0725","-0.1275",NA,NA,NA,NA,NA,NA,NA,NA,NA,NA,NA,"0.1459"
-77.25227778,4.106888889,2011,2013,"Lat4.10689Lon-77.25228Start2013-01-01End2013-12-31",NA,NA,NA,NA,NA,NA,NA,NA,NA,NA,NA,NA,NA,NA,NA,NA,NA,NA,NA,NA,NA,NA,NA,NA,NA,NA,NA,NA,NA,NA,NA,NA,NA,NA,NA,NA,NA,NA,NA,NA,NA,NA,NA,NA,NA,NA,NA,NA,NA,NA,NA,NA,NA,NA,NA,NA,NA,NA,NA,NA,NA,NA,NA,NA,NA,NA,NA,NA,NA,NA,NA,NA,NA,NA,NA,NA,NA,NA,NA,NA,NA
-77.27141667,4.103472222,2011,2013,"Lat4.10347Lon-77.27142Start2013-01-01End2013-12-31",NA,NA,NA,NA,NA,NA,NA,NA,NA,NA,NA,NA,NA,NA,NA,NA,NA,NA,NA,NA,NA,NA,NA,NA,NA,NA,NA,NA,NA,NA,NA,NA,NA,NA,NA,NA,NA,NA,NA,NA,NA,NA,NA,NA,NA,NA,NA,NA,NA,NA,NA,NA,NA,NA,NA,NA,NA,NA,NA,NA,NA,NA,NA,NA,NA,NA,NA,NA,NA,NA,NA,NA,NA,NA,NA,NA,NA,NA,NA,NA,NA
-77.30102778,4.042,2011,2013,"Lat4.04200Lon-77.30103Start2013-01-01End2013-12-31",NA,NA,NA,NA,NA,NA,NA,NA,NA,NA,NA,NA,NA,NA,NA,NA,NA,NA,NA,NA,NA,NA,NA,NA,NA,NA,NA,NA,NA,NA,NA,NA,NA,NA,NA,NA,NA,NA,NA,NA,NA,NA,NA,NA,NA,NA,NA,NA,NA,"0.1927","0.1927",NA,NA,NA,NA,NA,NA,NA,NA,NA,NA,NA,NA,NA,NA,NA,NA,NA,NA,NA,NA,NA,NA,NA,NA,NA,NA,NA,NA,NA,NA
-77.26797222,3.987138889,2011,2013,"Lat3.98714Lon-77.26797Start2013-01-01End2013-12-31",NA,NA,NA,NA,NA,NA,NA,NA,NA,NA,NA,NA,NA,NA,NA,NA,NA,NA,NA,NA,NA,NA,NA,NA,NA,NA,NA,NA,NA,NA,NA,NA,NA,NA,NA,NA,NA,NA,NA,NA,NA,NA,NA,NA,NA,NA,NA,NA,NA,NA,NA,NA,NA,NA,NA,NA,NA,NA,NA,NA,NA,NA,NA,NA,NA,NA,NA,NA,NA,NA,NA,NA,NA,NA,"0.8755","0.856",NA,NA,NA,NA,NA
-77.63269444,2.935694444,2011,2013,"Lat2.93569Lon-77.63269Start2013-01-01End2013-12-31","0.887325","0.904125","0.893766666666667","0.891066666666667","0.876833333333333","0.84425","0.8311","0.7339","0.7409","0.854433333333333","0.8763","0.880033333333333","0.882933333333333","0.86845","0.8451","0.8879","0.8783","0.8277","0.88065","0.87975","0.8919","0.89365","0.8912","0.8894","0.8777","0.8481","0.8481","0.882566666666667","0.898066666666667","0.89855","0.8963","0.8724","0.866","0.8511","0.8573","0.8746","0.8936","0.908533333333333","0.88505","0.89135","0.8391","0.8312","0.8333","0.8341","0.8386","0.895466666666667","0.9005","0.88505","0.8535","0.8284","0.839","0.8133","0.8229","0.8236","0.892966666666667","0.89955","0.9038","0.8709","0.8716","0.8716","0.8352","0.8158","0.6712","0.882266666666667","0.90835","0.9105","0.8873","0.842","0.7871","0.7677","0.7507","0.6712","0.857533333333333","0.8996","0.89795","0.8657","0.8708","0.8361","0.7383","0.7507","0.8532"
-77.61095278,2.899677778,2011,2013,"Lat2.89968Lon-77.61095Start2013-01-01End2013-12-31",NA,NA,NA,NA,NA,NA,NA,NA,NA,NA,NA,NA,NA,NA,NA,NA,NA,NA,NA,NA,NA,NA,NA,NA,NA,NA,NA,NA,NA,NA,NA,NA,NA,NA,NA,NA,NA,NA,NA,NA,NA,NA,NA,NA,NA,NA,NA,NA,NA,NA,NA,NA,NA,NA,NA,NA,NA,NA,NA,NA,NA,NA,NA,NA,NA,NA,NA,NA,NA,NA,NA,NA,NA,NA,NA,NA,NA,NA,NA,NA,NA
-77.66171111,2.923177778,2011,2013,"Lat2.92318Lon-77.66171Start2013-01-01End2013-12-31","0.8963","0.864","0.864","0.820266666666667","0.7884","0.567225","0.5211","0.390933333333333","0.2851","0.89135","0.8693","0.89325","0.892033333333333","0.885733333333333","0.882325","0.8279","0.7177","0.521325","0.898833333333333","0.882","0.878775","0.82808","0.78888","0.8197","0.83485","0.8545","0.82874","0.904866666666667","0.888733333333333","0.79814","0.793466666666667","0.795833333333333","0.814328571428572","0.812157142857143","0.826228571428571","0.821416666666667","0.77695","0.764875","0.88305","0.87428","0.866533333333333","0.85695","0.827616666666667","0.846128571428571","0.776766666666667","0.796483333333333","0.870466666666667","0.8024","0.85944","0.8667","0.8678","0.87155","0.870216666666667","0.75718","0.8059","0.857771428571429","0.876957142857143","0.872533333333333","0.866833333333333","0.861116666666667","0.865333333333333","0.860316666666667","0.7811","0.831616666666667","0.863316666666667","0.8949","0.89116","0.88362","0.8805","0.87125","0.84416","0.82648","0.82615","0.85995","0.88964","0.88998","0.89302","0.89434","0.85212","0.80655","0.813575"
-77.64644722,2.865983333,2011,2013,"Lat2.86598Lon-77.64645Start2013-01-01End2013-12-31","0.5446","0.8828","0.8212","0.8898","0.8883","0.8952","0.8769","0.7906","0.639","0.3388","0.82825","0.8496","0.8931","0.9022","0.9022","0.879","0.7781","0.7624","0.7498","0.8418","0.84595","0.8806","0.8912","0.8916","0.8921","0.8855","0.86935","0.8365","0.861633333333333","0.8641","0.8852","0.8935","0.8788","0.8687","0.88695","0.84485","0.847","0.866","0.868","0.8511","0.86225","0.8512","0.861","0.8469","0.8331","0.8757","0.8705","0.8591","0.8494","0.87795","0.8671","0.8654","0.8842","0.8722","0.8805","0.882125","0.813566666666667","0.8843","0.8598","0.8458","0.8821","0.8844","0.8779","0.87945","0.878675","0.805266666666667","0.8856","0.89","0.8152",NA,NA,NA,"0.8625","0.850433333333333","0.868633333333333","0.88395","0.89","0.8824",NA,NA,NA
-77.69722778,2.826316667,2011,2013,"Lat2.82632Lon-77.69723Start2013-01-01End2013-12-31","0.878666666666667","0.87102","0.87092","0.8717","0.879916666666667","0.87242","0.873775","0.861275","0.844425","0.863833333333333","0.86744","0.87132","0.837466666666667","0.825516666666667","0.86836","0.8744","0.880825","0.876233333333333","0.82952","0.80312","0.75818","0.7649","0.831033333333333","0.83206","0.87535","0.879","0.884633333333333","0.81496","0.822483333333333","0.801333333333333","0.814557142857143","0.8483","0.83836","0.8351","0.8277","0.8558","0.8382","0.8217","0.868816666666667","0.8619","0.84022","0.78748","0.736","0.52932","0.227633333333333","0.84194","0.8368","0.87084","0.86496","0.812","0.7884","0.617725","0.5607","0.475066666666667","0.81644","0.87924","0.89148","0.88655","0.830625","0.817775","0.6543","0.603","0.808333333333333","0.8337","0.837175","0.864825","0.8104","0.868525","0.8206","0.696866666666667","0.5682","0.60105","0.303466666666667","0.7808","0.7548","0.605933333333333","0.4757","0.421833333333333","0.517033333333333","0.559","0.5059"
-77.69968889,2.809747222,2011,2013,"Lat2.80975Lon-77.69969Start2013-01-01End2013-12-31","0.33495","0.17865","0.303466666666667","0.7808","0.7548","0.605933333333333","0.4757","0.421833333333333","0.517033333333333","0.6318","-0.10625","-0.15285","-0.0472","0.02965","0.57795","0.6822","0.80135","0.8164","0.83505","0.73795","0.6918","0.7693","0.8117","0.83535","0.820133333333333","0.7946","0.8294","0.7388","0.7766","0.7766","0.815","0.81795","0.8332","0.7514","0.7045","0.8084","0.3708","0.7476","0.8298","0.8218","0.8226","0.8647","0.7716","0.7045","0.8168","0.6338","0.6909","0.8676","0.87","0.8714","0.8412","0.75935","0.451","0.6222","0.8009","0.5026",NA,NA,"0.8714","0.8628",NA,NA,NA,"0.8646","0.8158",NA,NA,NA,NA,NA,NA,NA,"0.8658",NA,NA,NA,NA,NA,NA,NA,NA
-77.73580833,2.749316667,2011,2013,"Lat2.74932Lon-77.73581Start2013-01-01End2013-12-31","0.8091","0.79795","0.8678","0.86955","0.8867","0.8847","0.82225","0.681","0.681","0.74215","0.7553","0.8262","0.706","0.8577","0.87025","0.83905","0.8393","0.8414","0.7787","0.8142","0.6052","0.5907","0.78905","0.86745","0.7566","0.8314","0.8339","0.77835","0.8022","0.62925","0.82145","0.8154","0.8741","0.7622","0.8531","0.8384","0.79855","0.7424","0.8284","0.8741","0.89305","0.8868","0.8643","0.8611","0.824","0.8471","0.80345","0.8414","0.8695","0.8953","0.8901","0.857","0.869","0.869","0.8375","0.84095","0.8371","0.8866","0.8185","0.6743","0.857","0.869","0.8314","0.79685","0.7735","0.81705","0.8527","0.5839","0.3841",NA,NA,NA,"0.85935","0.75145","0.83915","0.8054","0.4856","0.3398",NA,NA,NA
-77.73432778,2.804194444,2011,2013,"Lat2.80419Lon-77.73433Start2013-01-01End2013-12-31","0.78995","0.8146","0.848075","0.84095","0.8024","0.692925","0.866533333333333","0.854666666666667","0.885333333333333","0.809666666666667","0.84555","0.847825","0.8024","0.81356","0.70138","0.820675","0.812225","0.865366666666667","0.8289","0.84766","0.8267","0.79778","0.733083333333333","0.74556","0.8062","0.7595","0.842533333333333","0.84686","0.78194","0.72112","0.74155","0.756583333333333","0.8623","0.86185","0.758825","0.8245","0.8513","0.74452","0.6815","0.727233333333333","0.770957142857143","0.8488","0.8186","0.84448","0.8357","0.803783333333333","0.765866666666667","0.760233333333333","0.727116666666667","0.82765","0.8634","0.83812","0.84946","0.8595","0.82994","0.85334","0.85192","0.815783333333333","0.84435","0.8476","0.79752","0.8235","0.849825","0.828525","0.8506","0.861","0.857533333333333","0.89312","0.88648","0.86292","0.80912","0.778325","0.76872","0.80016","0.86744","0.871216666666667","0.86712","0.85076","0.85708","0.6814","0.629425"
-77.73594167,2.798702778,2011,2013,"Lat2.79870Lon-77.73594Start2013-01-01End2013-12-31","0.852325","0.84686","0.78194","0.72112","0.74155","0.756583333333333","0.8623","0.86185","0.758825","0.8524","0.8513","0.74452","0.6815","0.727233333333333","0.770957142857143","0.8488","0.8186","0.84448","0.85952","0.803783333333333","0.765866666666667","0.760233333333333","0.727116666666667","0.82765","0.8634","0.83812","0.84946","0.825725","0.82994","0.85334","0.85192","0.815783333333333","0.84435","0.8476","0.79752","0.8235","0.86865","0.828525","0.8506","0.861","0.857533333333333","0.89312","0.88648","0.86292","0.80912","0.81324","0.76872","0.80016","0.86744","0.871216666666667","0.86712","0.85076","0.85708","0.6814","0.75528","0.7633","0.8105","0.8781","0.8311","0.843685714285714","0.8253","0.757333333333333","0.64336","0.8136","0.8287","0.900333333333333","0.88692","0.83322","0.7445","0.72885","0.7079","0.8196","0.7115","0.6448","0.8491","0.857","0.737366666666667","0.694","0.71824","0.74675","0.849375"
-77.73594167,2.715369444,2011,2013,"Lat2.71537Lon-77.73594Start2013-01-01End2013-12-31","0.7951","0.8809","0.8953","0.8414","0.4822",NA,NA,NA,NA,NA,NA,"0.8953","0.8703","0.9199",NA,NA,NA,NA,NA,NA,NA,NA,NA,NA,NA,NA,NA,NA,NA,NA,NA,NA,NA,NA,NA,NA,NA,NA,NA,NA,NA,NA,NA,NA,NA,NA,NA,NA,NA,NA,NA,NA,NA,NA,NA,NA,NA,NA,NA,NA,NA,NA,NA,NA,NA,NA,NA,NA,NA,NA,NA,NA,NA,NA,NA,NA,NA,NA,NA,NA,NA
-77.76917222,2.750238889,2011,2013,"Lat2.75024Lon-77.76917Start2013-01-01End2013-12-31","0.200466666666667","0.3976","0.543633333333333","0.73685","0.46795","0.5181","0.6121","0.6671",NA,"0.7502","0.677233333333333","0.686133333333333","0.7696","0.7021","0.762","0.76155","0.7022","0.8688","0.812766666666667","0.8616","0.85955","0.8838","0.8777","0.8777","0.8874","0.887","0.8865","0.80785","0.8143",NA,"0.8182","0.8346","0.7873","0.8434","0.8683","0.8304","0.7577","0.4521","0.8474","0.8371","0.7604","0.75615","0.73175","0.85805","0.82955","0.42325","0.0903","0.8482","0.8249","0.8031","0.80775","0.73535","0.84415","0.76335","0.0717","0.0909","0.826","0.819","0.824","0.8189","0.88905","0.8032","0.8032","0.54285","0.62985","0.83735","0.82665","0.85585","0.86695","0.88945","0.87155","0.7059","0.763666666666667","0.6866","0.83075","0.823633333333333","0.833966666666667","0.829866666666667","0.8632","0.89185","0.83965"
-77.73039444,2.734116667,2011,2013,"Lat2.73412Lon-77.73039Start2013-01-01End2013-12-31","0.81705","0.8527","0.5839","0.3841",NA,NA,NA,NA,NA,"0.83915","0.8054","0.4856","0.3398",NA,NA,NA,NA,"0.7879","0.80435","0.6882","0.7915","0.7915",NA,NA,NA,NA,"0.8239","0.6872","0.7952","0.8767",NA,NA,NA,NA,NA,NA,"0.8767","0.8933","0.7699",NA,NA,NA,NA,NA,NA,"0.9303","0.8648","0.6732",NA,NA,NA,NA,NA,NA,"0.8733","0.8733","0.4419",NA,NA,NA,NA,NA,NA,"0.7486","0.3764","0.4419",NA,NA,NA,NA,NA,NA,"0.8414","0.3764",NA,NA,NA,NA,NA,NA,NA
